epoch,accuracy,loss,lr
0,0.21875,2.6763836145401,1e-04
