epoch,accuracy,loss,lr
0,0.16581632,3.630508325661823,0.001
